{
  "photo": {
    "women": [
      "card-w-01.jpg",
      "card-w-02.jpg",
      "card-w-03.jpg",
      "card-w-04.jpg",
      "card-w-05.jpg",
      "card-w-06.jpg",
      "card-w-07.jpg",
      "card-w-01-black.jpg"      
    ],
    "men": [
      "card-m-01-black.jpg",
      "card-m-02-black.jpg",
      "card-m-03-black.jpg",
      "card-m-01.jpg",
      "card-m-02.jpg",
      "card-m-03.jpg",
      "card-m-04.jpg",
      "card-m-05.jpg"
    ]
  },
  "text": {
    "women": [
      "Хочу поздравить с днем рождения\nИ в этот день Вам пожелать\nЛюбви, успеха, наслаждения,\nЧтоб никогда не унывать.\n\nЧтобы мечты всегда сбывались,\nСияли радостью глаза.\nЧтобы проблемы разбегались,\nСудьба дарила чудеса.",
      "С днем рождения поздравляю!\nИ всего-всего желаю:\nЧтоб любовь была и счастье,\nЧтоб пропали все несчастья,\nЧтобы беды обходили,\nНу а деньги приходили!\nБудь здоровой и красивой,\nА еще самой счастливой!",
      "Желаю просыпаться с настроеньем,\nС улыбкой вечерами засыпать.\nПусть будут дни наполнены свеченьем,\nЖелаю не болеть, не унывать.\n\nДостатка, пониманья, уваженья,\nПусть в доме царствует божественный уют.\nЖелаю счастья искренне, душевно,\nПусть в сердце нотки радости поют!",
      "От счастья пусть глаза искрятся,\nДуша любви будет полна,\nЧтоб все печали и ненастья\nОстались в прошлом навсегда.\n\nЖелаю радости, здоровья,\nУспехов и удач во всем.\nПусть каждый день будет наполнен\nТеплом и светом, и добром!",
      "Любимая всеми, родная ты наша!\nПусть теплый твой дом будет полною чашей,\nЖелаем всегда быть такою красивой!\nПусть жизнь будет долгой, здоровой, счастливой,\nА все неудачи уйдут за порог.\nПусть радует солнышком каждый денек!",
      "Море солнца и любви,\nНежности и доброты!\nЧтобы был всегда успех\nИ по жизни громкий смех.\n\nПожелаем всей душой\nОставаться молодой,\nИ пусть счастья ветерок\nПринесет здоровья впрок!",
      "Прекрасная, хорошая, всегда на позитиве,\nТебе желаю большего, чем существует ныне...\nБогатства несусветного, на зависть всем, конечно,\nЖелания заветного, что сбудется поспешно.\nЗдоровья, процветания, любви, всегда удачи,\nВ душе — не увядания! Чтоб так, а не иначе!",
      "Поздравляем и желаем вечной красоты!\nНа губах улыбок сладких, сбывшейся мечты!\nЧтоб теплом сердец от близких согревался мир,\nЧтоб глаза сияли ярче, чем любой сапфир.\nЛишь от радостных сюрпризов вверх взлетала бровь,\nА в душе царили вечно счастье и любовь.",
      "Здоровья, счастья и тепла,\nЧтоб жизнь веселою была.\nЧтоб искренне все улыбались,\nВы — молодою оставались.\n\nПускай вам солнце светит ярко,\nВ любви всегда пусть будет жарко.\nПусть дома ценят, любят, ждут\nИ вас в обиду не дадут.",
      "Желаю сердечно здоровья и счастья,\nПусть будет успех неотъемлемой частью.\nПусть дом утопает в любви и улыбках,\nЖелаю быть стройной, спортивной и гибкой.\n\nФонтаны доходов до самого моря,\nЖить дружно со всеми, с родными не ссорясь.\nОт светлых эмоций мечтательно греться,\nПусть будет всегда, на кого опереться.",
      "Женского счастья,\nСобытий прекрасных.\nЗдоровья отличного,\nДостатка приличного.\nЛюбви, вдохновенья.\nТепла. С днем рожденья!",
      "Желаю того, чего просит душа,\nЗаветная пусть воплотится мечта.\nНа сердце живут лишь любовь и покой,\nПусть беды обходят твой дом стороной!",
      "Будь всегда неотразимой,\nЯркой, милой и любимой.\nАнгелом всегда хранимой,\nНу, и просто будь счастливой!",
      "Пусть всё на свете радует —\nИ снег, и дождь, и радуга,\nЧтоб каждый день тебе дарил\nБольшой вагон душевных сил!",
      "Всех желаний исполнения,\nНе испытывать волнения,\nИ во всем всегда везенья.\nПоздравляю! С днем рождения!",
      "Счастья женского тебе,\nКрепкого здоровья.\nСветлых дней всегда в судьбе,\nРадости с любовью!\nИ, конечно же, везенья\nИ достатка. С днем рожденья!",
      "Большого счастья в день рождения,\nУлыбок, света, красоты,\nДобра, тепла и настроения\nДля исполнения мечты.",
      "Счастья, денег, доброты,\nИсполнения мечты,\nЖить, лишь радость излучая,\nВ день рождения желаю!",
      "Пожелаю в день рожденья\nУваженья, восхищенья,\nЯрких дней, ночей спокойных,\nЛюбящих людей достойных,\nПусть здоровье будет крепким,\nИ всегда в порядке детки!",
      "С днем рождения! Цветения,\nВолшебства и настроения!\nБрать от жизни всё, что нужно,\nБыть востребованной в дружбе,\nИ любимой, и успешной,\nИ счастливей всех, конечно!"
    ],
    "men": [
      "Я желаю в день рождения\nЗдоровья, счастья и везения.\nВсегда успеха и удачи,\nБогатства и любви в придачу.\nВысоких взлетов, а посадок — мягких.\nУлыбок добрых и мгновений ярких.",
      "Что в день рожденья пожелать?\nКарман потуже набивать,\nУметь работать и гулять,\nУметь красиво отдыхать,\nСтремиться к новой высоте,\nИ видеть счастье в простоте,\nЧтоб исполнялось все всегда,\nЧтоб были долгими года!",
      "Желаю дерзких планов и идей,\nВершин, к которым хочется стремиться,\nИ рядом — близких, искренних людей,\nЧтоб с ними щедро счастьем поделиться!",
      "Побед блестящих, счастья, радости,\nВсе планы станут пусть реальностью,\nВедь целей нет недостижимых\nДля настоящего мужчины!",
      "Поздравляю с днем рожденья!\nЯ желаю, чтобы ты\nВ жизни не терял везенья\nИ исполнил все мечты.",
      "Хорошими пусть будут перемены,\nНа всё хватает времени и сил,\nИ остаётся в жизни неизменным\nЗакон «Пришёл, Увидел, Победил!»",
      "Желаю ключ от новой тачки,\nДеньжат увесистую пачку,\nПивка холодного в бокале,\nИ чтоб друзья не забывали.",
      "Желаю, чтоб на жизненном пути,\nБыло много троп и поворотов,\nА ты бы знал всегда, куда идти,\nЯ пожелаю лишь удач и взлетов!",
      "В этот день рожденья твой\nЯ желаю: будь собой!\nА кто будет возражать —\nЗнаешь сам, куда послать!",
      "Желаю в день рожденья я\nТебе добра и процветанья,\nУдача радует тебя,\nВ семье – взаимопониманья!",
      "В ответе по-мужски ты за решения,\nИх не страшишься твёрдо принимать.\nМечтаешь, несомненно, в день рождения\nВсех вместе, наконец, друзей собрать.",
      "Мы пожелать тебе хотим\nНа этот день рождения\nЧтоб каждый день чудесным был\nИ полон год везенья!",
      "Желаем очень много счастья,\nБолезней, горестей не знать,\nВ труде успехов добиваться\nИ в личной жизни не зевать!",
      "Желаю жить и не грустить,\nИ счастье черпать бесконечно!\nДостойно жизнь свою прожить,\nЛюбить и быть любимым вечно!",
      "Много счастья, много денег,\nЧтоб удачей был богат.\nПожелаю в день рожденья,\nЖизни легкой без преград.",
      "Родился ты в рубашке, парень,\nНо избегай пустой борьбы.\nБудь первым и всегда «в ударе»,\nХозяином своей судьбы!",
      "Ты отец и муж отличный,\nИ мужчина ты приличный —\nВсех достоинств счесть нельзя.\nПоздравляем мы тебя."
    ]
  }
}